Ana Maria,(11)84547-8956,ana@uol.com.br
Pedro da Silva,(21)96562-5555,pedro@terra.com.br
Patricia Nunes,(18)32658-9885,paty@uol.com.br
Gilberto Gomes,(11)97444-8888,gil@ig.com.br
Fernanda Alves,(19)96666-9999,fernanda@ig.com.br
Roberto Pereira,(11)95555-7777,roberto@uol.com.br
Maria Aparecida,(11)59999-8888,maria@email.com
Teste,Teste,teste
aaa,aaa,aaa
bbb,bbb,bbb
Ricardo Amorim,(11)99999-8888,ricardo@ig.com.br
Ricardo Amorim,(11)99999-8888,ricardo@ig.com.br
Ricardo Amorim,(11)99999-8888,ricardo@ig.com.br
Ricardo Amorim,(11)99999-8888,ricardo@ig.com.br
Ana Paula Oliveira,(21)66666-5555,ana@uol.com.br
Osvaldo Gomes,(11)77454-5555,osvaldo@email.com
Silvia Maria,(22)78455-6555,silvia@gmail.com
Cristiane Dias,(11)44441-9999,cris@uol.com.br
asasa,43423423,cdfdsfsd
